4		https://www.chamberofcommerce.com/stamford-ct/computer-facilities-management/3
2		https://www.chamberofcommerce.com/search/results?what=heating+air+conditioning&where=CA&pg=3
7		https://www.chamberofcommerce.com/stamford-ct/computer-software/5
1245		https://www.chamberofcommerce.com/search/results?what=heating+air+conditioning&where=CA&pg=4
196		https://www.chamberofcommerce.com/search/results?what=heating+air+conditioning&where=CT&pg=7
58		https://www.chamberofcommerce.com/search/results?what=HVAC&where=CA&pg=7
48		https://www.chamberofcommerce.com/search/results?what=pest+control&where=CT&pg=6
35		https://www.chamberofcommerce.com/search/results?what=HVAC&where=NY&pg=6
34		https://www.chamberofcommerce.com/search/results?what=HVAC&where=NJ&pg=7
19		https://www.chamberofcommerce.com/search/results?what=HVAC&where=MA&pg=6
14		https://www.chamberofcommerce.com/search/results?what=HVAC&where=SC&pg=6
132		https://www.chamberofcommerce.com/search/results?what=janitorial+service&where=CA&pg=3
385		https://www.chamberofcommerce.com/search/results?what=janitorial+services&where=NY&pg=2
323		https://www.chamberofcommerce.com/search/results?what=janitorial+services&where=PA&pg=2
112		https://www.chamberofcommerce.com/search/results?what=janitorial+services&where=CT&pg=2
25		https://www.chamberofcommerce.com/philadelphia-pa/janitorial-services/2
19		https://www.chamberofcommerce.com/search/results?what=janitorial+services&where=DC&pg=2
23		https://www.chamberofcommerce.com/search/results?what=janitorial+service&where=MA&pg=2
418		https://www.chamberofcommerce.com/search/results?what=pest+control&where=CA&pg=2
145		https://www.chamberofcommerce.com/search/results?what=pest+control&where=PA&pg=4
13		https://www.chamberofcommerce.com/search/results?what=pest+control&where=10001&pg=3
71		https://www.chamberofcommerce.com/search/results?what=pest+control&where=MA&pg=2
126		https://www.chamberofcommerce.com/search/results?what=pest+control&where=NJ&pg=3
399		https://www.chamberofcommerce.com/search/results?what=pest+control&where=FL&pg=3
123		https://www.chamberofcommerce.com/search/results?what=pest+control&where=NC&pg=2
1360		https://www.chamberofcommerce.com/philadelphia-pa/professional-services/3
255		https://www.chamberofcommerce.com/stamford-ct/professional-services/3
105		https://www.chamberofcommerce.com/search/results?what=property+management&where=NY&pg=4
43		https://www.chamberofcommerce.com/search/results?what=property+management&where=MA&pg=4
30		https://www.chamberofcommerce.com/search/results?what=property+management&where=CT&pg=4
18		https://www.chamberofcommerce.com/charleston-sc/property-managers/3
2674		https://www.chamberofcommerce.com/search/results?what=software&where=CA&pg=3
1144		https://www.chamberofcommerce.com/search/results?what=software&where=FL&pg=3
1016		https://www.chamberofcommerce.com/search/results?what=software&where=NY&pg=3
679		https://www.chamberofcommerce.com/search/results?what=software&where=NJ&pg=3
630		https://www.chamberofcommerce.com/search/results?what=software&where=PA&pg=3
580		https://www.chamberofcommerce.com/search/results?what=software&where=MA&pg=3
249		https://www.chamberofcommerce.com/search/results?what=software&where=CT&pg=3
64		https://www.chamberofcommerce.com/search/results?what=software&where=DC&pg=3
6		https://www.chamberofcommerce.com/search/results?what=HVAC&where=CT&pg=2
151		https://www.chamberofcommerce.com/search/results?what=software&where=SC&pg=3
96		https://www.chamberofcommerce.com/search/results?what=waste+hauling+removal&where=NY&pg=3
85		https://www.chamberofcommerce.com/search/results?what=waste+hauling+removal&where=PA&pg=3
63		https://www.chamberofcommerce.com/search/results?what=waste+hauling+removal&where=NJ&pg=3
28		https://www.chamberofcommerce.com/search/results?what=waste+hauling+removal&where=CT&pg=3
4		https://www.chamberofcommerce.com/philadelphia-pa/waste-hauling-removal/2
1		https://www.chamberofcommerce.com/charleston-sc/waste-hauling-removal
4		https://www.chamberofcommerce.com/search/results?what=medical+billing&where=SC&pg=2
10		https://www.chamberofcommerce.com/search/results?what=medical+billing&where=PA&pg=2
15		https://www.chamberofcommerce.com/search/results?what=medical+billing&where=NJ&pg=2
50		https://www.chamberofcommerce.com/search/results?what=medical+billing&where=CA&pg=2
3		https://www.chamberofcommerce.com/search/results?what=medical+billing&where=CT&pg=2
22		https://www.chamberofcommerce.com/search/results?what=medical+billing&where=NY&pg=2
5		https://www.chamberofcommerce.com/search/results?what=medical+billing&where=MA&pg=2
335		https://www.chamberofcommerce.com/search/results?what=software&where=AZ&pg=2
463		https://www.chamberofcommerce.com/search/results?what=software&where=NC&pg=2
559		https://www.chamberofcommerce.com/search/results?what=software&where=WA&pg=2
116		https://www.chamberofcommerce.com/search/results?what=towing&where=WA&pg=4
71		https://www.chamberofcommerce.com/search/results?what=towing&where=MA&pg=4
428		https://www.chamberofcommerce.com/search/results?what=towing&where=NY&pg=4
